Method,Rows,RMSE,MAE,Precision,Recall,TP,FP,FN
SVD,20000,1.0031255736589546,0.7958972959608411,0.6831472167760634,0.7292083712465878,8014,3717,2976
ItemCF,20000,1.0140889239403759,0.8076438091676413,0.6648948643789573,0.7739763421292084,8506,4287,2484
CBF,20000,1.0192063538732659,0.8176004690196804,0.682312799704906,0.6732484076433121,7399,3445,3591
NCF,20000,1.0603318028301896,0.8328583020464158,0.7258151296674916,0.6137397634212921,6745,2548,4245
RNN,20000,1.03474420002748,0.8230247575566744,0.6759146870123114,0.7093721565059145,7796,3738,3194
Fusion(0.2 each),20000,0.958920714108821,0.7708634658776273,0.7262498865801651,0.7282984531392175,8004,3017,2986
Fusion(tuned),20000,0.9558205247180966,0.7680431463671804,0.7315896865145614,0.7177434030937215,7888,2894,3102
